[M4] BREAKAWAY ramp, direction +   pulley bare, LEG NOT ATTACHED.  Row says belt=OFF -- the reading describes whatever is ACTUALLY fitted, so tag it. start raw=
     5513
M4,+,0.4000,5513,11.89,147
    breakaway 0.4000 A at raw=5513   ramp 11.9 s, travel 147 cnt

[M4] BREAKAWAY ramp, direction -   pulley bare, LEG NOT ATTACHED.  Row says belt=OFF -- the reading describes whatever is ACTUALLY fitted, so tag it. start raw=
     5382
M4,-,0.3200,5382,9.53,-114
    breakaway 0.3200 A at raw=5382   ramp 9.5 s, travel -114 cnt



[M4] BREAKAWAY ramp, direction +   pulley bare, LEG NOT ATTACHED.  Row says belt=OFF -- the reading describes whatever is ACTUALLY fitted, so tag it. start raw=
     3100
M4,+,0.1600,3100,4.70,125
    breakaway 0.1600 A at raw=3100   ramp 4.7 s, travel 125 cnt
   
[M4] BREAKAWAY ramp, direction -   pulley bare, LEG NOT ATTACHED.  Row says belt=OFF -- the reading describes whatever is ACTUALLY fitted, so tag it. start raw=
     3105
M4,-,0.2950,3105,8.78,-125
    breakaway 0.2950 A at raw=3105   ramp 8.8 s, travel -125 cnt



[M4] BREAKAWAY ramp, direction +   pulley bare, LEG NOT ATTACHED.  Row says belt=OFF -- the reading describes whatever is ACTUALLY fitted, so tag it. start raw=
     15951
M4,+,0.1800,15951,5.30,86
    breakaway 0.1800 A at raw=15951   ramp 5.3 s, travel 86 cnt

[M4] BREAKAWAY ramp, direction -   pulley bare, LEG NOT ATTACHED.  Row says belt=OFF -- the reading describes whatever is ACTUALLY fitted, so tag it. start raw=
     16113
M4,-,0.1650,16113,4.95,-89
    breakaway 0.1650 A at raw=16113   ramp 4.9 s, travel -89 cnt



[M4] BREAKAWAY ramp, direction +   pulley bare, LEG NOT ATTACHED.  Row says belt=OFF -- the reading describes whatever is ACTUALLY fitted, so tag it. start raw=
     12442
M4,+,0.2600,12442,7.79,104
    breakaway 0.2600 A at raw=12442   ramp 7.8 s, travel 104 cnt

[M4] BREAKAWAY ramp, direction -   pulley bare, LEG NOT ATTACHED.  Row says belt=OFF -- the reading describes whatever is ACTUALLY fitted, so tag it. start raw=
     12438
M4,-,0.3150,12438,9.32,-123
    breakaway 0.3150 A at raw=12438   ramp 9.3 s, travel -123 cnt



[M4] BREAKAWAY ramp, direction +   pulley bare, LEG NOT ATTACHED.  Row says belt=OFF -- the reading describes whatever is ACTUALLY fitted, so tag it. start raw=
     9508
M4,+,0.2150,9508,6.37,101
    breakaway 0.2150 A at raw=9508   ramp 6.4 s, travel 101 cnt

[M4] BREAKAWAY ramp, direction -   pulley bare, LEG NOT ATTACHED.  Row says belt=OFF -- the reading describes whatever is ACTUALLY fitted, so tag it. start raw=
     9726
M4,-,0.2350,9726,6.95,-110
    breakaway 0.2350 A at raw=9726   ramp 7.0 s, travel -110 cnt